#{"t_start": 1766261298.6384313, "env_id": "None"}
r,l,t
3.5335298,2,1.437947
3.7890646,2,1.438837
82.924484,2,1.439457
3.756267,2,1.440385
-1.5823836,2,1.441211
73.091415,5,1.488413
115.50784,5,1.488916
6.289729,5,1.489319
13.257276,5,1.489762
13.911134,5,1.490199
6.8739614,7,1.534107
9.126465,7,1.534583
120.68587,7,1.534883
5.415076,7,1.53515
2.388958,7,1.535396
14.855087,7,1.595026
18.232231,7,1.595421
121.23946,7,1.595628
13.1196,7,1.595783
-159.62163,7,1.59592
27.053467,21,1.639873
40.337597,21,1.640524
39.11202,21,1.640787
106.480484,21,1.641008
-494.82538,21,1.641221
27.635817,6,1.649574
132.64374,6,1.650036
10.175209,6,1.650322
14.657232,6,1.650605
5.5974774,6,1.650834
83.05431,24,1.666304
53.89888,24,1.666701
65.752884,24,1.667023
63.187244,24,1.667251
40.437637,24,1.667467
51.13122,33,1.737614
55.240852,33,1.738063
50.74086,33,1.738508
158.45224,33,1.738696
-206.59465,33,1.738904
73.156204,43,1.809945
218.4137,43,1.810236
83.99102,43,1.810496
71.650215,43,1.810761
-1374.8939,43,1.81109
26.91845,20,1.820626
73.22363,20,1.821023
117.516495,20,1.821458
29.145172,20,1.821741
-21.455328,20,1.821966
7.3952284,8,1.886614
8.673396,8,1.886946
6.6022787,8,1.887304
97.856445,8,1.887803
-42.358707,8,1.888012
71.43684,37,1.951828
57.699432,37,1.952125
59.751102,37,1.952375
216.90305,37,1.952576
-1181.7478,37,1.952773
49.103046,27,1.962243
54.288795,27,1.962587
51.033195,27,1.96289
162.98445,27,1.963139
-118.40777,27,1.963365
1.1141769,2,1.981772
2.0594103,2,1.982182
80.72131,2,1.982388
2.1006875,2,1.982732
-10.1,2,1.982959
90.61425,12,2.001727
12.060143,12,2.002017
11.29558,12,2.002233
9.271525,12,2.002553
-12.489683,12,2.002786
168.57562,64,2.002986
204.40092,64,2.003247
366.6314,64,2.003481
144.1929,64,2.003713
-157.32967,64,2.003942
181.17287,79,2.123979
289.9922,79,2.124444
242.18776,79,2.124769
331.91788,79,2.125036
-401.09872,79,2.125266
141.15237,24,2.184248
44.567654,24,2.184545
62.187504,24,2.18471
46.01787,24,2.184846
-276.82224,24,2.18497
61.625996,24,2.321023
74.8569,24,2.321808
132.28107,24,2.322345
125.60672,24,2.322607
-179.87799,24,2.32287
46.93846,19,2.342301
153.30743,19,2.342766
36.24282,19,2.342995
40.93925,19,2.343184
-5.8207498,19,2.343367
6.249486,5,2.36905
44.005096,5,2.370619
7.628287,5,2.370836
110.97065,5,2.370991
-12.956795,5,2.371099
297.32208,107,2.40746
229.72983,107,2.407709
259.2824,107,2.40792
335.48355,107,2.408226
-843.5258,107,2.408422
23.772058,25,3.74057
32.251713,25,3.741276
28.234524,25,3.741841
75.41451,25,3.742459
-138.56961,25,3.743011
127.85538,32,3.826746
197.30191,32,3.827004
53.124504,32,3.827172
80.369446,32,3.827307
-15.85989,32,3.827433
15.056603,11,3.836198
125.2776,11,3.836919
18.18965,11,3.837139
13.218075,11,3.837407
-17.804325,11,3.837686
6.49174,4,3.867779
12.07521,4,3.868164
89.19641,4,3.868478
11.061599,4,3.868766
-13.209874,4,3.86908
252.66214,103,3.876943
394.34427,103,3.877188
302.90616,103,3.877415
352.84467,103,3.877604
60.37118,103,3.877801
66.16789,35,3.887516
68.17296,35,3.887764
69.821594,35,3.887981
209.55898,35,3.888162
-194.73517,35,3.888363
361.99533,126,3.888551
271.18347,126,3.888738
286.25128,126,3.888922
376.9538,126,3.889105
-1440.3451,126,3.889287
20.942581,4,3.911727
98.36534,4,3.912112
25.595474,4,3.912594
4.9415684,4,3.912909
20.08905,4,3.913295
43.79895,4,3.944576
102.64103,4,3.944872
4.8552094,4,3.945156
2.270387,4,3.945354
-57.496857,4,3.945498
29.702936,15,3.953101
28.30053,15,3.953342
31.512802,15,3.953514
191.95099,15,3.953668
-93.82665,15,3.953798
126.794525,11,3.975746
23.67489,11,3.976024
18.66732,11,3.976236
31.101946,11,3.976433
-261.6947,11,3.976676
17.199852,12,3.986181
116.76949,12,3.986411
6.806982,12,3.986583
10.843606,12,3.986733
-4.649296,12,3.986872
219.10933,102,4.003852
203.53415,102,4.004259
233.56662,102,4.004514
246.68408,102,4.004756
-215.35808,102,4.004962
14.845798,3,4.027097
4.1894193,3,4.027315
84.64995,3,4.027576
3.5475855,3,4.027795
-0.8636575,3,4.028
91.86246,27,4.156436
190.5145,27,4.156745
76.42028,27,4.156988
67.29923,27,4.157197
67.97288,27,4.157373
367.3662,126,4.225384
279.5876,126,4.225771
253.67183,126,4.226055
370.97147,126,4.226264
-1060.2856,126,4.22646
73.9961,28,4.360313
107.053604,28,4.36058
76.2928,28,4.360761
76.45242,28,4.360908
20.591133,28,4.361074
111.933395,63,4.425964
96.6748,63,4.426284
185.96942,63,4.426472
151.0342,63,4.42662
-2550.8276,63,4.426788
367.86996,154,4.426973
320.2661,154,4.427167
301.12338,154,4.427345
494.23587,154,4.427526
-809.83295,154,4.427761
119.35637,62,4.450425
153.01729,62,4.450727
178.28186,62,4.450905
108.19872,62,4.451056
-1120.2301,62,4.451185
29.896053,21,4.603945
112.845375,21,4.604228
29.702888,21,4.604464
29.867664,21,4.604604
-641.94507,21,4.604736
214.88467,80,4.619701
155.03552,80,4.619959
293.64902,80,4.620138
162.37967,80,4.620456
-1020.1131,80,4.620672
224.94997,87,4.629641
214.84627,87,4.629889
214.65475,87,4.630055
248.04613,87,4.630238
-1495.3523,87,4.630427
58.286568,41,6.104276
272.1761,41,6.104685
68.60346,41,6.10495
55.94356,41,6.105251
-661.6236,41,6.105527
68.046555,23,6.15351
88.49034,23,6.153863
70.1765,23,6.154166
250.01703,23,6.154379
-474.56168,23,6.15459
97.861855,76,6.161573
98.5254,76,6.161853
81.04085,76,6.162091
90.98221,76,6.1623
-1779.8546,76,6.162619
36.751804,28,6.213634
43.075466,28,6.21404
49.61296,28,6.214301
189.75269,28,6.214566
-569.3264,28,6.214979
62.566788,30,6.224533
68.09473,30,6.224746
148.79396,30,6.224942
69.309784,30,6.225105
-178.9938,30,6.225236
137.68382,40,6.410506
73.579,40,6.410743
252.59741,40,6.410954
98.975685,40,6.411122
-1199.9371,40,6.411305
56.62119,34,6.411483
229.00177,34,6.411623
73.455086,34,6.411774
53.086143,34,6.411902
-157.1051,34,6.412079
213.32425,88,6.47095
315.00427,88,6.471197
204.28029,88,6.471367
223.15584,88,6.471534
-3280.7532,88,6.471679
118.048416,39,6.520951
95.6252,39,6.521287
72.73229,39,6.521517
92.40507,39,6.521724
95.051636,39,6.521921
8.78812,6,6.568896
7.0476995,6,6.569178
10.435771,6,6.569375
101.66354,6,6.569561
-151.05376,6,6.569731
32.671417,2,6.587035
5.594822,2,6.587294
5.4397097,2,6.58747
87.99423,2,6.587606
-6.9445677,2,6.587734
144.666,24,6.612094
127.27846,24,6.61237
98.97259,24,6.612566
71.32813,24,6.612722
-107.74802,24,6.612911
134.06203,25,6.62178
67.5781,25,6.622006
154.90532,25,6.622261
52.79628,25,6.622517
-66.281586,25,6.622685
26.981491,3,6.638838
96.176094,3,6.639145
6.648083,3,6.63944
3.512469,3,6.639646
-5.1838036,3,6.639923
143.71391,61,6.6487
135.02957,61,6.648948
142.05078,61,6.649158
152.8621,61,6.649314
-611.1891,61,6.649465
124.76923,22,6.657844
50.827785,22,6.65808
40.984394,22,6.65825
35.855297,22,6.658388
-521.16266,22,6.658571
18.535295,15,6.705798
115.59949,15,6.706062
23.739992,15,6.706268
23.216476,15,6.706453
-354.2522,15,6.706648
552.80237,195,6.746633
430.2956,195,6.746879
436.5777,195,6.747066
521.4918,195,6.747376
-1738.8455,195,6.747586
55.04938,20,6.816285
33.053104,20,6.816576
77.48464,20,6.816798
132.10043,20,6.817023
-456.10007,20,6.817219
132.5312,22,6.817407
71.728355,22,6.817592
63.341873,22,6.817777
52.457157,22,6.817936
-753.9297,22,6.818095
4.222203,2,6.833291
82.13863,2,6.833554
2.6695197,2,6.833771
3.8643951,2,6.833909
-6.7817774,2,6.834035
29.991657,29,6.857147
98.62353,29,6.857428
32.979755,29,6.857615
25.933214,29,6.857779
165.10782,29,6.857911
63.78464,41,6.96839
74.60983,41,6.968846
61.00328,41,6.969209
194.13142,41,6.969671
-556.0153,41,6.970032
84.3895,39,7.016919
88.66862,39,7.017296
263.94443,39,7.017581
78.142715,39,7.01783
-654.41833,39,7.018054
311.87906,170,7.058669
545.5906,170,7.059084
473.66888,170,7.059373
357.93082,170,7.059584
-1190.4457,170,7.059785
150.33902,43,8.801811
132.43073,43,8.802275
68.714806,43,8.802525
70.808334,43,8.802818
-63.222534,43,8.803195
64.265755,39,8.903731
86.47659,39,8.904043
43.242783,39,8.904245
51.41932,39,8.904483
-535.6271,39,8.904747
18.60334,16,8.920336
106.35889,16,8.920749
22.493364,16,8.920968
25.920544,16,8.9211
-11.391454,16,8.921223
155.61629,45,9.031768
226.89456,45,9.032073
179.02403,45,9.032262
193.14629,45,9.032406
-998.1769,45,9.032549
188.19827,104,9.177121
483.22864,104,9.177507
223.29834,104,9.177717
247.85864,104,9.177875
-2033.6372,104,9.178007
42.60031,36,9.187711
43.29376,36,9.187986
52.336773,36,9.188244
49.182606,36,9.188424
-774.4909,36,9.188592
515.94525,176,9.22858
508.69797,176,9.228929
402.82962,176,9.229171
444.82526,176,9.229389
-1899.863,176,9.229556
19.599392,8,9.265518
136.94647,8,9.265897
15.215224,8,9.26614
15.98507,8,9.266328
4.070405,8,9.266517
135.53944,81,9.295159
148.94728,81,9.295464
183.39792,81,9.295713
153.23729,81,9.295933
-1476.8494,81,9.296167
252.14035,117,9.373098
356.75104,117,9.3734
318.30945,117,9.373673
239.95163,117,9.37392
-1938.9562,117,9.374145
131.23792,19,9.404511
26.839865,19,9.404862
26.976997,19,9.405116
36.80254,19,9.405331
-500.41928,19,9.40554
267.67203,117,9.416188
287.68475,117,9.416423
373.67908,117,9.416635
516.9852,117,9.416871
-255.19382,117,9.41705
45.515774,6,9.424638
11.126484,6,9.424877
13.90023,6,9.425073
102.17293,6,9.425222
1.8126993,6,9.425349
9.084754,5,9.461451
116.61109,5,9.462008
26.449532,5,9.462357
8.499439,5,9.462663
-4.0674253,5,9.462898
25.209225,21,9.469572
34.292774,21,9.469857
119.36326,21,9.470055
38.69704,21,9.470214
-94.67846,21,9.470378
155.04245,34,9.495664
60.691765,34,9.495976
75.92542,34,9.496224
60.88149,34,9.496458
-463.74356,34,9.496662
273.32535,75,9.518744
244.41139,75,9.519171
147.1788,75,9.519394
167.34436,75,9.519582
-1962.395,75,9.519763
12.110274,7,9.52721
7.5624285,7,9.527434
57.906017,7,9.527576
11.958659,7,9.527702
156.19182,7,9.527826
99.1019,7,9.570616
14.265716,7,9.570849
8.484207,7,9.571009
10.837908,7,9.571138
-109.70178,7,9.571264
169.01852,17,9.593371
23.522528,17,9.593748
22.705513,17,9.594011
21.564304,17,9.59431
-401.30695,17,9.594506
70.81347,28,9.645411
45.714706,28,9.645705
89.26264,28,9.645932
192.00912,28,9.646084
-96.74227,28,9.646227
12.173005,8,9.654248
13.640345,8,9.654511
114.49541,8,9.654686
12.738092,8,9.654844
-158.9227,8,9.655026
61.57784,33,9.671541
67.581665,33,9.671838
250.09021,33,9.672015
50.483932,33,9.672148
-724.94366,33,9.672362
20.839079,10,9.730907
11.8200245,10,9.731189
104.7726,10,9.731337
18.89658,10,9.7315
15.616834,10,9.731689
47.501102,34,11.216281
83.24871,34,11.216588
69.024925,34,11.216871
60.660217,34,11.217087
-427.91003,34,11.217387
157.45973,47,11.398287
131.61073,47,11.398592
233.8393,47,11.398766
137.97595,47,11.3989
-129.7275,47,11.399026
50.438118,28,11.438112
55.8272,28,11.438363
49.754696,28,11.438546
35.941536,28,11.438824
-554.0249,28,11.438996
381.50613,122,11.476266
318.57162,122,11.476625
215.14133,122,11.476882
265.61053,122,11.477081
-3259.9978,122,11.477279
3.228449,3,11.500377
87.70487,3,11.500692
4.7616944,3,11.500957
3.0703616,3,11.501167
-9.067479,3,11.501343
103.44345,46,11.573656
116.56563,46,11.574063
119.05655,46,11.574289
218.07962,46,11.574486
-136.27469,46,11.574636
229.96147,58,11.589897
137.74142,58,11.590436
133.64131,58,11.590908
158.36237,58,11.591232
-568.9141,58,11.59154
28.635191,16,11.711401
29.966036,16,11.711823
125.39132,16,11.712086
40.36604,16,11.712353
-323.01572,16,11.712634
16.65184,11,11.73042
129.41486,11,11.730862
14.927529,11,11.731079
40.543278,11,11.731331
49.126835,11,11.731562
235.58835,87,11.957373
173.81076,87,11.957757
170.80106,87,11.958041
189.13043,87,11.958351
-360.7381,87,11.958596
75.21477,30,12.038293
55.93261,30,12.038743
185.62892,30,12.03921
71.618,30,12.039606
-667.54474,30,12.039963
37.61987,22,12.176603
29.335238,22,12.176953
156.36697,22,12.17724
63.676353,22,12.177471
-514.259,22,12.177647
526.11694,171,12.292072
373.11456,171,12.292386
608.3413,171,12.292592
476.52606,171,12.292746
-2318.1008,171,12.292892
190.55717,85,12.322749
238.81273,85,12.32315
192.37851,85,12.323484
379.91153,85,12.323784
-2912.2878,85,12.324062
41.070297,15,12.324326
44.65665,15,12.324593
31.07262,15,12.324798
178.83958,15,12.325042
-510.96793,15,12.32534
244.81691,63,12.348627
137.21207,63,12.349001
164.48615,63,12.349261
248.55469,63,12.349585
297.59412,63,12.349838
50.294888,37,12.411056
84.61365,37,12.41141
58.39879,37,12.411619
202.98038,37,12.411798
-751.05634,37,12.412075
82.84959,34,14.32653
183.39099,34,14.327071
73.44307,34,14.327417
97.341,34,14.327705
-426.48532,34,14.327921
64.17117,34,14.440791
52.23827,34,14.441301
138.77336,34,14.441632
57.74773,34,14.441991
-1720.7404,34,14.442364
4.6106744,4,14.504989
5.024433,4,14.505431
10.5162735,4,14.505726
3.2490463,4,14.505984
131.61734,4,14.506181
97.010826,50,14.518686
97.855286,50,14.51915
76.742004,50,14.519501
174.31409,50,14.519725
162.14882,50,14.520091
12.664098,8,14.723897
137.6454,8,14.724559
14.141388,8,14.724953
17.469982,8,14.725286
-5.8681736,8,14.725625
176.67346,71,14.951336
231.3793,71,14.951899
134.17455,71,14.952227
146.35765,71,14.95262
-998.94995,71,14.95295
608.2553,246,15.412124
870.8872,246,15.412759
623.8411,246,15.413265
520.8196,246,15.41356
-1721.4727,246,15.413812
299.79242,193,15.414041
501.33597,193,15.414434
408.76257,193,15.414704
495.12363,193,15.415264
-3818.361,193,15.415556
172.83253,74,15.497134
284.9229,74,15.497668
180.44589,74,15.497946
156.6136,74,15.49824
-1158.0088,74,15.498523
4.4618683,3,15.533725
3.8590293,3,15.534223
4.7490616,3,15.53458
5.8347178,3,15.534942
124.626915,3,15.535304
237.12036,72,15.611891
197.88399,72,15.612446
150.40393,72,15.612888
257.56067,72,15.613196
-1131.2745,72,15.61343
100.21045,9,15.703146
16.644754,9,15.703577
10.99048,9,15.703856
19.381853,9,15.704108
9.950682,9,15.704328
94.91267,2,15.726307
18.237564,2,15.726609
3.000967,2,15.726856
2.8857515,2,15.727038
-2.1236775,2,15.727194
521.69806,212,17.893059
432.4093,212,17.893428
567.0367,212,17.893713
474.30466,212,17.893973
-2282.9626,212,17.894252
28.677845,15,17.90907
17.243952,15,17.909503
156.48178,15,17.90982
29.371223,15,17.910133
-100.8137,15,17.910423
71.63572,50,18.022971
235.33621,50,18.023434
168.3798,50,18.023723
35.579304,50,18.023954
14.203194,50,18.024176
15.750548,9,18.024395
17.160004,9,18.024808
18.645336,9,18.025027
155.77548,9,18.025244
-33.31069,9,18.025512
196.64748,89,18.114
314.23657,89,18.114524
328.20346,89,18.114854
233.8866,89,18.115094
-2077.2136,89,18.115314
425.79092,161,18.156647
364.18,161,18.157152
362.72934,161,18.157488
346.2459,161,18.157762
-2537.9329,161,18.157989
-5.213343,62,18.188601
215.55447,62,18.189041
119.53383,62,18.189333
150.07112,62,18.189728
3.6779995,62,18.190115
-6.5851283,14,18.223531
26.872856,14,18.224056
22.096659,14,18.224418
33.49864,14,18.224689
111.562744,14,18.224952
207.12656,112,18.225235
357.37305,112,18.225487
263.80048,112,18.225703
215.54161,112,18.225922
-275.94638,112,18.226139
-12.886984,20,18.457398
112.276474,20,18.458007
27.16695,20,18.458354
4.184306,20,18.45877
-435.1446,20,18.459152
177.18759,52,18.553372
94.98238,52,18.55399
104.48981,52,18.554619
76.07838,52,18.555234
-495.87204,52,18.555647
35.861366,16,18.762694
49.8317,16,18.7632
26.715773,16,18.763662
21.941534,16,18.764179
88.71945,16,18.764553
149.66893,60,18.882129
175.34685,60,18.882616
146.91025,60,18.882971
367.3396,60,18.883238
-558.32153,60,18.883463
165.26514,84,19.103559
136.49724,84,19.104683
189.66592,84,19.105125
171.13737,84,19.10553
-2605.5037,84,19.105873
129.42694,23,19.181944
46.122463,23,19.182865
61.72789,23,19.183283
56.393505,23,19.183596
-373.6759,23,19.184003
0.8152311,2,19.215432
84.98324,2,19.216005
26.29343,2,19.216455
32.853752,2,19.216863
3.7451758,2,19.217163
12.059475,8,19.217479
9.149723,8,19.217738
87.04644,8,19.218044
14.65024,8,19.218368
13.429107,8,19.218672
108.97876,7,19.309021
6.7762594,7,19.310147
9.5257635,7,19.310606
7.8453407,7,19.310907
-33.01449,7,19.311145
10.657758,4,19.364442
108.95453,4,19.364978
7.9122663,4,19.365321
7.69161,4,19.36561
-8.608019,4,19.365921
191.59398,94,19.378564
169.3964,94,19.379083
160.86115,94,19.37948
178.22862,94,19.37981
-1821.0924,94,19.380164
-32.37231,93,19.394516
269.32053,93,19.394945
159.52213,93,19.39529
217.26866,93,19.395589
-2551.2307,93,19.395926
27.598999,10,19.516929
20.507586,10,19.517549
18.215218,10,19.517995
123.32408,10,19.518464
3.9154592,10,19.519009
199.86227,64,21.419505
103.5708,64,21.42003
111.67603,64,21.420347
143.18335,64,21.420726
-1043.3037,64,21.421021
44.862663,22,21.464324
41.99639,22,21.464762
61.01287,22,21.465017
22.203981,22,21.465235
195.56769,22,21.465498
314.8959,111,21.465786
242.87796,111,21.466037
314.85025,111,21.466321
191.80782,111,21.466686
-2510.4624,111,21.466973
16.543072,7,21.560207
52.69989,7,21.560836
125.31737,7,21.561221
25.384163,7,21.561563
-18.029161,7,21.561885
46.789783,22,21.61796
45.002132,22,21.618403
44.042526,22,21.618829
144.86765,22,21.619375
-293.45502,22,21.619889
30.292332,18,21.677462
25.95667,18,21.677927
145.31134,18,21.678282
37.5371,18,21.67853
-680.11206,18,21.67878
1.8325405,2,21.707447
13.398973,2,21.70781
90.892006,2,21.708068
2.8589945,2,21.708307
-0.42767286,2,21.708549
460.9228,189,21.781847
292.95938,189,21.782463
417.8559,189,21.782944
617.9344,189,21.783299
-4980.5815,189,21.783626
9.947579,5,21.78392
6.64069,5,21.784212
8.839021,5,21.784489
8.435752,5,21.784937
137.35422,5,21.785219
191.90347,59,21.851152
267.32794,59,21.851641
98.95248,59,21.851973
113.21165,59,21.852249
-2254.0513,59,21.852657
9.497503,50,21.9212
120.19472,50,21.921864
235.69644,50,21.922158
115.35274,50,21.92252
-1472.8445,50,21.92297
169.54468,9,21.937999
-9.150412,9,21.938432
10.052383,9,21.938908
12.086185,9,21.939375
4.0254245,9,21.939746
61.03218,30,22.030143
202.21667,30,22.030718
64.38479,30,22.031233
68.59375,30,22.031654
40.747868,30,22.032095
82.37294,43,22.113493
113.19717,43,22.11394
108.6813,43,22.114309
207.78293,43,22.114668
-938.70483,43,22.114989
74.74317,37,22.317055
70.43309,37,22.317699
73.01649,37,22.318007
72.86665,37,22.318294
-358.26883,37,22.318556
96.20853,29,22.333641
-14.152294,29,22.334152
64.33608,29,22.334608
49.36133,29,22.334956
-86.5307,29,22.335234
13.00682,6,22.415744
0.23748454,6,22.416248
94.44631,6,22.416738
12.276909,6,22.417119
0.059088707,6,22.417505
70.897545,36,22.509757
47.574562,36,22.510153
40.11688,36,22.510423
54.331425,36,22.510711
-164.32922,36,22.510998
138.30896,43,22.511341
122.65539,43,22.511665
99.67524,43,22.511905
96.54488,43,22.512124
89.66912,43,22.512328
68.36882,33,22.782303
186.22757,33,22.782864
77.528404,33,22.783322
70.42429,33,22.783767
-347.54004,33,22.784101
2.523223,2,22.823615
2.8541641,2,22.824244
2.920679,2,22.824646
77.95429,2,22.825024
-2.182497,2,22.82533
44.782436,22,22.845202
178.33963,22,22.845752
47.18786,22,22.846041
40.49097,22,22.846272
-485.74362,22,22.846489
95.99094,71,23.181092
221.97377,71,23.181539
124.57369,71,23.182055
174.83289,71,23.182795
-696.9198,71,23.183292
74.91428,37,23.319289
79.91533,37,23.31967
69.86007,37,23.319885
176.26254,37,23.32006
74.258194,37,23.320294
-0.5228329,2,23.334876
88.013084,2,23.335213
2.896955,2,23.335484
5.4999313,2,23.335727
-7.4165382,2,23.335956
242.93951,74,23.377596
391.16617,74,23.377936
155.83385,74,23.378292
179.54042,74,23.378542
-2157.3494,74,23.378757
76.80399,41,24.567012
53.861023,41,24.567509
164.61241,41,24.567915
64.383316,41,24.568313
-470.24762,41,24.568656
43.64231,23,24.62261
31.379652,23,24.623133
159.89835,23,24.623456
26.143328,23,24.623821
-897.2227,23,24.624121
197.06596,80,24.683266
-29.128809,80,24.683686
128.65987,80,24.684077
167.66647,80,24.684351
-2623.0493,80,24.684577
21.33321,14,24.71714
118.77848,14,24.71772
26.26052,14,24.717997
36.761032,14,24.718207
-460.72958,14,24.718456
124.069885,17,24.808205
27.322653,17,24.808631
89.947876,17,24.808999
22.260351,17,24.809301
19.994864,17,24.809567
-17.126005,250,24.830934
724.4272,250,24.831408
492.14722,250,24.831753
128.41307,250,24.832105
-3255.0503,250,24.832528
186.1212,95,25.201564
255.4849,95,25.202027
331.12,95,25.202306
191.07884,95,25.202604
20.320175,95,25.203114
95.49908,56,25.353699
108.39144,56,25.354748
101.61206,56,25.355228
287.32617,56,25.355621
-550.1222,56,25.35605
285.03156,112,25.3956
439.32144,112,25.396178
302.33423,112,25.39665
351.862,112,25.396991
-1158.6829,112,25.397316
3.0853558,4,25.427182
98.39233,4,25.428062
11.58427,4,25.428493
11.7464,4,25.428771
-12.226313,4,25.429059
62.013733,8,25.5128
129.14186,8,25.513372
12.388834,8,25.513684
9.073687,8,25.513972
-21.940935,8,25.514233
-1.6946479,103,25.514495
176.11447,103,25.514776
171.52866,103,25.515083
476.04608,103,25.515336
-1676.7931,103,25.51561
255.67548,68,25.626014
192.48318,68,25.626515
164.21165,68,25.626891
159.54622,68,25.627244
-754.6749,68,25.627514
-3.9652193,10,25.627802
11.138016,10,25.628234
5.746083,10,25.628528
6.225712,10,25.628761
118.121796,10,25.628978
359.21436,102,25.940133
-17.246239,102,25.940686
257.06244,102,25.941115
258.22125,102,25.941494
-2988.7314,102,25.941845
94.67727,31,27.624545
61.032326,31,27.625133
52.538723,31,27.62572
87.49517,31,27.626228
-57.940582,31,27.626686
169.73744,65,27.640394
252.52856,65,27.640967
335.6112,65,27.641343
162.36455,65,27.641789
-643.1065,65,27.642416
47.836792,32,27.642929
54.801994,32,27.643344
207.45285,32,27.643716
78.67963,32,27.644046
-949.65936,32,27.644364
844.57263,250,27.686001
465.4991,250,27.686588
534.2148,250,27.687017
571.6491,250,27.687321
-1522.2126,250,27.687675
85.47028,50,27.738673
62.662193,50,27.739391
162.12454,50,27.739741
178.65753,50,27.740117
34.03353,50,27.740532
3.4165215,2,27.763903
2.1948924,2,27.764329
81.65431,2,27.764708
1.779784,2,27.76512
-6.615301,2,27.765551
33.663204,18,27.960285
24.713879,18,27.960779
32.67831,18,27.961214
149.21567,18,27.96156
-533.65015,18,27.961867
55.582417,35,28.043869
60.065304,35,28.044344
65.59146,35,28.044674
140.50522,35,28.04492
-577.66095,35,28.045324
-17.597914,140,28.130192
407.66476,140,28.130585
348.26532,140,28.130845
-62.74684,140,28.131063
-1685.9819,140,28.131269
96.09786,52,28.248769
126.817024,52,28.249171
190.9053,52,28.249506
196.06497,52,28.249822
-196.18124,52,28.250168
159.57051,51,28.285655
121.95686,51,28.286239
121.19534,51,28.286596
126.6093,51,28.286896
-203.46873,51,28.287159
101.72867,13,28.430517
-4.2625337,13,28.430952
172.51588,13,28.431298
25.746918,13,28.431531
-226.5275,13,28.431754
64.340515,48,28.51738
79.73308,48,28.517917
86.24764,48,28.518274
300.08304,48,28.518603
-513.303,48,28.51898
96.73362,49,28.810589
105.10704,49,28.811302
120.37369,49,28.81175
124.46149,49,28.812119
-646.13605,49,28.812575
-19.366802,111,28.910649
301.7816,111,28.911019
392.7987,111,28.911278
262.65717,111,28.911482
-2601.4375,111,28.911677
-34.595528,80,30.329967
143.93062,80,30.330487
144.03139,80,30.330863
119.3442,80,30.331251
-1987.4382,80,30.331554
376.98193,132,30.342546
-10.645069,132,30.346768
187.25262,132,30.347375
307.40512,132,30.348069
-652.03906,132,30.348727
134.77339,56,30.360836
116.95462,56,30.361336
97.15163,56,30.361688
83.1653,56,30.361926
-256.35757,56,30.362163
154.04099,23,30.362424
86.637825,23,30.362818
39.35377,23,30.363193
33.159355,23,30.363511
-733.93665,23,30.363793
88.08966,62,30.50786
149.76183,62,30.508254
326.31458,62,30.508557
109.65941,62,30.508823
-519.8094,62,30.509059
15.72291,9,30.610517
94.04789,9,30.611098
19.62982,9,30.61155
12.780931,9,30.61193
-172.2073,9,30.612335
40.03271,24,30.634851
-2.9041917,24,30.644035
184.18729,24,30.646527
77.617836,24,30.651164
-314.61282,24,30.652709
120.9834,24,30.655418
67.87401,24,30.657887
126.926346,24,30.660182
74.34648,24,30.662377
-83.87523,24,30.664297
34.587326,30,30.740862
78.411194,30,30.741291
84.11761,30,30.741649
90.29056,30,30.741927
-165.84235,30,30.742184
68.16098,203,30.780866
436.5859,203,30.781492
376.13297,203,30.781842
573.2918,203,30.782319
-3502.8108,203,30.78265
263.94675,126,30.852661
425.7264,126,30.853019
314.18256,126,30.853349
317.20596,126,30.853675
-1328.724,126,30.853968
128.13866,41,30.886917
-10.529361,41,30.887459
71.262436,41,30.887789
189.12967,41,30.888001
91.92441,41,30.888189
55.240154,18,30.900953
135.26569,18,30.901489
34.08717,18,30.901888
38.111076,18,30.902155
-205.99777,18,30.902415
49.50797,22,31.09073
179.69644,22,31.091189
61.604492,22,31.091518
153.05038,22,31.091779
-201.29315,22,31.092021
151.44807,18,31.092252
21.273666,18,31.092503
27.176105,18,31.092773
19.250393,18,31.093071
-90.12411,18,31.093322
100.19584,31,31.126972
91.54197,31,31.127388
32.603287,31,31.12768
55.824978,31,31.127949
-80.29994,31,31.128216
29.945107,27,31.185233
110.38129,27,31.185631
131.40671,27,31.185914
50.837463,27,31.186256
-672.2052,27,31.186656
-4.5110574,40,31.200859
72.85569,40,31.201257
148.04451,40,31.20159
-1.9771664,40,31.201878
-127.114845,40,31.202155
9.8695,10,31.213149
14.240832,10,31.213542
10.302098,10,31.213808
106.30104,10,31.214034
-214.04936,10,31.214243
-2.982826,11,31.325103
30.1749,11,31.327991
17.904526,11,31.328629
-6.281294,11,31.329037
126.18339,11,31.329453
37.91408,10,31.442657
19.712433,10,31.443043
20.847813,10,31.443335
91.232635,10,31.443559
-8.443028,10,31.443766
-0.73110205,6,31.528846
16.170282,6,31.529372
81.8139,6,31.529922
-3.115211,6,31.530208
-34.543297,6,31.53048
125.15877,40,31.588445
71.767235,40,31.58898
69.8088,40,31.589716
64.79014,40,31.590151
-333.32184,40,31.590524
115.61545,33,31.636343
88.19184,33,31.636802
160.28261,33,31.637113
115.47631,33,31.637454
203.35437,33,31.637835
78.85276,38,31.672999
48.84803,38,31.673417
1.266601,38,31.673749
57.425827,38,31.674024
13.204147,38,31.674258
6.40523,4,31.687465
97.828415,4,31.687953
39.32714,4,31.688213
5.1893787,4,31.688543
-22.564766,4,31.688959
-8.781217,67,33.703417
60.199776,67,33.704079
2.1186419,67,33.704801
118.944496,67,33.705469
15.330643,67,33.705965
41.333443,30,33.706404
57.496887,30,33.706791
74.78616,30,33.707166
220.28867,30,33.70755
-727.899,30,33.707947
55.245804,34,33.839752
177.10826,34,33.840244
50.19014,34,33.840683
54.618378,34,33.840967
-1116.6536,34,33.841326
355.59512,133,34.026458
484.55164,133,34.026944
283.91263,133,34.027297
261.95944,133,34.027656
-2408.8657,133,34.027936
256.1552,134,34.040176
-69.03472,134,34.040649
243.92955,134,34.041101
541.671,134,34.041466
-2773.981,134,34.041843
4.7096815,64,34.056245
216.9045,64,34.056617
109.4823,64,34.056953
151.91135,64,34.057248
-153.96419,64,34.057462
-16.57399,32,34.082018
-21.61682,32,34.082545
-8.03717,32,34.082905
82.461334,32,34.083241
114.94572,32,34.08371
10.241412,7,34.117733
30.439817,7,34.118243
13.001959,7,34.118754
145.28528,7,34.119116
0.39672756,7,34.11955
46.058186,27,34.150993
32.259468,27,34.151421
125.68799,27,34.151743
35.150604,27,34.15202
-718.07806,27,34.152251
266.81705,181,34.152515
515.59357,181,34.152837
451.584,181,34.1532
346.05905,181,34.153547
-3113.7456,181,34.153964
96.16193,69,34.224628
63.697674,69,34.225161
154.01477,69,34.225675
227.76625,69,34.22617
-1505.267,69,34.226668
145.60757,45,34.227021
83.76686,45,34.227374
61.8878,45,34.22776
53.073746,45,34.228083
-413.55072,45,34.228362
39.64504,18,34.368366
165.83655,18,34.368917
47.54543,18,34.369389
28.08635,18,34.369798
-488.03433,18,34.370184
114.01122,28,34.466194
86.40303,28,34.466967
102.50875,28,34.467515
35.309875,28,34.467998
60.14209,28,34.468438
-3.8378384,21,34.510179
-5.248649,21,34.510718
1.1064131,21,34.511056
169.88284,21,34.511343
-468.98956,21,34.511606
13.136816,10,34.511994
16.46139,10,34.512408
13.139559,10,34.512722
21.472513,10,34.513025
173.24413,10,34.513359
29.22365,23,34.537332
50.05249,23,34.537874
121.2885,23,34.538331
49.041424,23,34.53888
-634.4263,23,34.539393
26.9411,13,34.689245
168.79443,13,34.689668
18.744333,13,34.689946
27.332253,13,34.690178
-238.14732,13,34.690441
51.19161,66,34.869109
214.4176,66,34.869543
193.62631,66,34.870008
60.99132,66,34.870451
-137.99596,66,34.870743
144.77747,82,35.040407
-17.989689,82,35.040824
188.54868,82,35.041067
164.48578,82,35.041306
-1527.3322,82,35.041564
-69.234146,78,35.105362
184.76846,78,35.105917
175.22511,78,35.106378
-51.800846,78,35.106816
-1038.9802,78,35.107118
13.394272,96,36.56075
-22.608055,96,36.561448
149.88226,96,36.562103
206.14777,96,36.562721
-511.26962,96,36.563374
117.722206,69,36.601965
147.79881,69,36.602422
171.07915,69,36.602762
134.94087,69,36.603045
-858.32294,69,36.603303
111.35944,38,36.627239
92.90049,38,36.627743
15.619988,38,36.628131
23.286009,38,36.628489
-1634.4448,38,36.628868
8.529022,6,36.678165
7.536051,6,36.678628
91.28874,6,36.679035
5.9327703,6,36.679376
-24.886547,6,36.679661
121.63875,10,36.752326
34.951244,10,36.752834
3.8179529,10,36.753256
2.560067,10,36.753564
-7.7059183,10,36.753778
-46.044376,82,36.804551
139.5629,82,36.80499
-9.082452,82,36.805307
191.27315,82,36.805582
-1561.7721,82,36.805808
410.61533,67,36.806034
244.19542,67,36.80625
205.12558,67,36.806493
206.30086,67,36.806748
-198.00331,67,36.807033
3.0796494,5,36.865979
6.331785,5,36.866362
8.022548,5,36.866626
86.32126,5,36.86688
21.991611,5,36.867089
60.854717,46,36.911203
-37.846313,46,36.911698
144.31725,46,36.912092
76.35052,46,36.912471
-321.34235,46,36.912838
-8.294801,48,36.983041
74.116356,48,36.983595
73.29128,48,36.983975
39.48435,48,36.9843
-272.18845,48,36.984601
46.080753,19,37.025299
3.125558,19,37.025847
70.88896,19,37.02618
42.941666,19,37.026541
67.49913,19,37.026916
48.14486,30,37.041471
43.714912,30,37.042129
71.11782,30,37.042489
49.093296,30,37.042829
-469.49847,30,37.043116
336.8698,103,37.058418
411.17593,103,37.058932
212.79546,103,37.059251
265.7293,103,37.059626
-517.6226,103,37.060071
-24.092989,44,37.097692
-12.928445,44,37.098286
189.67961,44,37.098765
192.23752,44,37.099104
-294.141,44,37.099458
-1.9199356,11,37.143867
81.69315,11,37.144468
22.700344,11,37.145022
3.7697039,11,37.145464
175.68842,11,37.145838
25.13834,15,37.247968
130.93835,15,37.248385
21.563675,15,37.248681
32.032997,15,37.24895
-138.81015,15,37.249191
93.51772,36,37.313922
88.77094,36,37.314401
221.711,36,37.314712
77.84402,36,37.314965
-1166.2257,36,37.315192
144.4859,26,37.449488
40.799297,26,37.449965
45.20968,26,37.450373
-12.880761,26,37.450745
-1.0658779,26,37.451049
71.50318,33,37.465234
83.19792,33,37.465636
72.57092,33,37.466028
70.51845,33,37.466473
116.9071,33,37.466916
-10.104842,34,37.97778
68.05506,34,37.978589
68.48402,34,37.979007
-7.6260333,34,37.979476
30.187737,34,37.979983
77.31465,2,38.015936
11.167536,2,38.016501
0.47105846,2,38.017091
-2.1272304,2,38.017619
-1.7052867,2,38.017972
-0.8511885,4,38.47005
104.12903,4,38.470727
4.146097,4,38.471262
-2.8874044,4,38.471895
-14.363505,4,38.472384
129.99028,60,38.56063
159.89667,60,38.561106
323.947,60,38.561562
136.8494,60,38.561845
-803.84314,60,38.562239
145.24385,93,38.573052
-61.213245,93,38.573707
142.65962,93,38.574199
250.52249,93,38.574712
-1524.9769,93,38.575211
-9.306654,10,39.994778
144.69626,10,39.995266
9.66577,10,39.995602
-11.558722,10,39.996079
-183.56578,10,39.996825
91.02294,88,40.038634
80.75622,88,40.039056
-18.812624,88,40.039463
168.34917,88,40.039833
-928.0965,88,40.040174
217.74396,111,40.040693
223.294,111,40.041406
0.65745986,111,40.042224
-15.155579,111,40.042929
-2914.839,111,40.043425
26.443027,12,40.117143
-3.2853255,12,40.11778
24.375841,12,40.118306
31.208485,12,40.118854
172.78568,12,40.119267
236.09933,81,40.141394
138.09407,81,40.141808
118.1316,81,40.142178
168.85387,81,40.142539
-808.23956,81,40.142931
3.716601,2,40.172822
90.513245,2,40.173331
3.5205142,2,40.173708
3.9576044,2,40.174082
-10.1,2,40.174424
105.63833,68,40.22521
124.99812,68,40.225758
343.36542,68,40.226197
123.25924,68,40.226523
-1336.7295,68,40.226842
8.106509,8,40.277214
9.411269,8,40.277803
102.79491,8,40.278183
3.4424858,8,40.278543
19.512545,8,40.279
149.88638,23,40.2794
89.61777,23,40.279798
76.713486,23,40.280214
129.37698,23,40.280702
-445.51288,23,40.281531
18.407888,16,40.329039
125.14951,16,40.329439
19.101496,16,40.329724
23.911526,16,40.329991
-236.55482,16,40.330245
22.555202,15,40.42285
-4.8978095,15,40.423401
111.684555,15,40.42391
27.15638,15,40.424473
-351.91675,15,40.424927
-3.9487395,38,40.52024
133.04544,38,40.520627
-27.893906,38,40.520902
-13.759834,38,40.521131
-784.05035,38,40.521349
70.332954,44,40.521571
62.498417,44,40.521795
55.690727,44,40.522097
82.24416,44,40.522427
194.1929,44,40.522713
8.317939,19,40.523056
144.72449,19,40.523323
41.6909,19,40.523572
-5.3253026,19,40.523801
-79.702835,19,40.524037
-30.333805,39,40.536265
-29.30668,39,40.536695
-7.674008,39,40.537057
139.98132,39,40.537345
-586.3666,39,40.537604
-2.9781866,10,40.64092
97.34679,10,40.641554
17.089523,10,40.642137
-5.783171,10,40.642626
-63.702362,10,40.643122
167.63556,28,40.757365
11.633838,28,40.757829
60.292057,28,40.758275
48.87364,28,40.758589
-536.69855,28,40.758936
55.94405,24,40.801467
44.423546,24,40.801887
65.0164,24,40.802202
205.55304,24,40.802494
36.275433,24,40.802835
151.85616,57,40.966084
291.7708,57,40.966611
182.06424,57,40.966904
143.35936,57,40.967218
-168.90004,57,40.967546
89.36171,46,41.059588
23.541445,46,41.059999
33.00827,46,41.06038
110.96072,46,41.060758
-1096.6423,46,41.061091
106.11203,11,41.082761
17.654179,11,41.083205
18.36874,11,41.083488
24.170185,11,41.08381
-84.35138,11,41.084147
51.982014,65,41.264039
223.12997,65,41.264505
83.15942,65,41.264865
11.722084,65,41.265143
-343.0206,65,41.265383
98.85653,41,41.26561
115.28317,41,41.265908
186.4407,41,41.266284
88.87806,41,41.266568
-393.98572,41,41.26686
178.27084,187,41.27984
-151.96611,187,41.280233
-131.5002,187,41.280491
361.37234,187,41.280843
-3686.1204,187,41.281233
152.5261,56,41.281663
137.93593,56,41.282089
105.051895,56,41.282355
23.539135,56,41.282596
170.36708,56,41.282965
30.424713,19,41.305902
40.12392,19,41.306373
25.076204,19,41.306731
97.32774,19,41.307154
-199.63887,19,41.30762
196.36443,49,41.319913
122.04445,49,41.320407
204.38013,49,41.320773
109.989,49,41.321059
-352.23087,49,41.321313
42.53653,3,41.344466
105.45064,3,41.344931
4.532686,3,41.345333
3.961041,3,41.346685
7.3310647,3,41.347219
14.581572,8,41.421454
-3.4946885,8,41.421914
15.744617,8,41.422249
103.94476,8,41.422596
24.847328,8,41.422909
-2.522641,19,41.521343
113.000656,19,41.52204
6.639747,19,41.522485
-1.7353497,19,41.522787
-188.59457,19,41.523094
186.78915,17,42.932837
31.087477,17,42.933305
42.239758,17,42.933721
35.232403,17,42.934274
20.296337,17,42.935063
99.59573,29,42.995869
51.525463,29,42.996415
-5.8438377,29,42.996922
138.10529,29,42.997304
151.91774,29,42.997832
-9.410816,15,43.055394
107.90517,15,43.05588
8.385187,15,43.056264
-3.7775886,15,43.056575
-222.02017,15,43.057003
109.08249,53,43.070161
-27.856705,53,43.070721
-7.6690893,53,43.071296
126.44133,53,43.071775
-813.3351,53,43.072306
179.16998,11,43.12607
32.857254,11,43.126644
6.730498,11,43.127054
25.49702,11,43.127352
-211.0537,11,43.127645
14.565162,9,43.231452
143.45898,9,43.232141
50.42392,9,43.232508
-2.8725438,9,43.232877
-33.80432,9,43.233231
151.07431,30,43.284746
41.231014,30,43.285209
40.804626,30,43.285504
65.56444,30,43.285741
-406.7122,30,43.286018
-13.142572,25,43.3693
124.539474,25,43.369729
187.34259,25,43.370111
84.490166,25,43.370478
-346.98105,25,43.370755
70.321686,63,43.413943
119.85883,63,43.414372
-41.632713,63,43.414618
-31.871037,63,43.414852
-627.63574,63,43.415115
354.18616,146,43.438996
-43.527725,146,43.439393
297.2675,146,43.439666
371.98038,146,43.439885
-1588.3931,146,43.440094
4.216844,8,43.511681
104.184845,8,43.512141
-0.37835434,8,43.512557
2.6847408,8,43.51287
-15.364435,8,43.513109
171.40082,91,43.871648
-46.410927,91,43.87213
156.90518,91,43.872449
180.55951,91,43.872751
-991.9099,91,43.873017
-21.208277,49,44.020923
89.7142,49,44.021379
106.05734,49,44.021656
116.36027,49,44.022072
-165.3437,49,44.022492
0.18715432,2,44.048882
0.38967574,2,44.049392
24.23843,2,44.049684
85.34331,2,44.049905
-7.200126,2,44.05015
86.018936,9,44.146242
-1.6176754,9,44.146618
20.632528,9,44.146888
21.248423,9,44.147095
43.836857,9,44.147453
-8.267268,11,44.467515
-10.029754,11,44.468226
14.458532,11,44.46878
54.49695,11,44.469295
103.85826,11,44.469689
11.524256,3,44.507957
15.494415,3,44.508437
1.8707186,3,44.508734
1.5890335,3,44.508988
123.354256,3,44.509215
4.534444,20,46.272364
3.1267345,20,46.272815
42.78949,20,46.273342
108.87984,20,46.273827
3.9819999,20,46.274309
57.051453,101,46.39958
166.55933,101,46.400036
71.74669,101,46.400332
-37.687695,101,46.40074
-2493.3105,101,46.401068
-35.176914,173,46.413088
16.974958,173,46.413494
9.92836,173,46.413728
470.54138,173,46.414008
-1092.2849,173,46.414298
-1.9219844,2,46.43716
-1.0805573,2,46.437702
-2.1734684,2,46.43809
83.285934,2,46.43842
-0.58053493,2,46.438866
-2.5074677,4,46.452304
5.446803,4,46.452901
-1.7925229,4,46.453304
-2.6646333,4,46.453696
132.62704,4,46.454036
387.15686,129,46.522354
428.65762,129,46.522763
407.14743,129,46.523132
490.00488,129,46.523474
-2375.5295,129,46.52378
-7.2373204,15,46.657907
5.8722754,15,46.658498
-5.802637,15,46.659005
127.280754,15,46.659345
-130.87564,15,46.659727
-10.000623,10,46.812407
-10.24019,10,46.8129
93.43117,10,46.813197
11.040235,10,46.813479
0.5312753,10,46.813733
432.81125,104,46.886067
38.20628,104,46.886559
269.5413,104,46.886879
241.71034,104,46.887136
-104.71375,104,46.887363
68.57161,30,46.887577
44.252495,30,46.887802
-34.696964,30,46.888128
-35.946014,30,46.888426
-818.33636,30,46.888747
4.2674,2,46.913333
-1.1337085,2,46.913866
88.89857,2,46.914177
2.2739935,2,46.914472
0.24867487,2,46.914819
357.59143,176,46.928902
569.92993,176,46.929451
229.39967,176,46.929835
174.13756,176,46.930146
-2266.1096,176,46.930483
119.09515,31,46.973554
200.34064,31,46.974017
63.031357,31,46.974498
98.45801,31,46.974802
-455.1268,31,46.975055
-7.6129675,17,47.040293
70.73329,17,47.040841
-8.156692,17,47.041166
70.784645,17,47.041467
125.10855,17,47.041719
0.74360365,11,47.041959
17.802612,11,47.042209
4.1068406,11,47.042452
83.99493,11,47.042798
-206.78786,11,47.043165
486.89334,184,48.727027
567.0094,184,48.72739
-8.250603,184,48.72766
-10.661317,184,48.727857
-860.991,184,48.728167
105.79719,192,48.913344
229.32445,192,48.913661
219.91266,192,48.913894
617.0506,192,48.914104
-2832.8506,192,48.914308
-45.277428,92,48.914511
99.08733,92,48.91472
211.2954,92,48.914986
224.2758,92,48.915372
-1838.5106,92,48.915684
95.53313,5,48.975694
-3.3619468,5,48.976217
3.9107413,5,48.976524
6.65444,5,48.976894
7.4873624,5,48.97718
75.8823,47,49.012953
89.48952,47,49.013388
176.39996,47,49.013811
152.52477,47,49.014176
-2129.7644,47,49.014527
85.15666,52,49.042505
208.32071,52,49.042975
37.753513,52,49.043238
-28.672462,52,49.043458
-252.40059,52,49.043664
109.315895,29,49.043861
205.11664,29,49.04406
37.324005,29,49.044266
130.47401,29,49.044559
-523.11523,29,49.044855
132.92271,63,49.160979
-62.562584,63,49.161475
68.7316,63,49.161831
236.39624,63,49.162214
-1214.9944,63,49.16256
37.344505,57,49.199082
160.22269,57,49.199594
83.39674,57,49.200023
51.127674,57,49.200506
-136.92075,57,49.200887
15.861749,11,50.793564
8.911362,11,50.794061
29.875292,11,50.79443
24.287697,11,50.794721
176.61478,11,50.794978
41.96499,22,50.8108
79.51262,22,50.811278
-2.8720832,22,50.81162
-10.192419,22,50.811896
-240.03339,22,50.812161
38.268463,24,50.812422
57.64084,24,50.812762
127.35596,24,50.813199
22.43291,24,50.8136
-33.465794,24,50.81399
7.2081776,6,50.89402
9.150439,6,50.89461
11.773638,6,50.894952
88.17069,6,50.895226
-134.23143,6,50.895545
85.91886,12,50.970293
20.821657,12,50.970854
-8.855093,12,50.971139
-4.238909,12,50.971359
-150.18613,12,50.971582
28.893024,14,50.985241
-1.7245877,14,50.985629
21.050488,14,50.985895
26.035772,14,50.986134
137.28241,14,50.986405
139.34729,37,51.009627
55.778328,37,51.0102
12.5502615,37,51.010558
19.245237,37,51.010839
-611.01294,37,51.011097
62.94953,17,51.105575
25.15359,17,51.106118
22.281933,17,51.106424
103.18494,17,51.106666
61.51654,17,51.10698
35.798935,10,51.107327
-0.86019504,10,51.107637
6.4401793,10,51.107946
79.293884,10,51.108255
135.18726,10,51.108568
31.743504,8,51.207652
-4.750172,8,51.208188
102.10692,8,51.208496
-7.184454,8,51.208755
-25.437876,8,51.208993
129.04285,41,51.224077
97.2592,41,51.224562
11.61522,41,51.224924
-6.8737407,41,51.225215
-687.27783,41,51.225532
21.810287,4,51.273916
5.459306,4,51.274374
109.87054,4,51.274749
-0.8086481,4,51.275023
-10.945326,4,51.275294
129.07361,23,51.300297
62.430927,23,51.300784
3.1278276,23,51.301149
118.05082,23,51.301536
56.21687,23,51.301814
15.972312,8,51.317259
-5.0752773,8,51.317704
25.839397,8,51.318053
-5.236628,8,51.318327
143.25464,8,51.318566
149.34322,113,49.332765
-82.89464,113,49.33329
-52.362152,113,49.333662
339.60516,113,49.334117
-2486.5024,113,49.334436
13.901208,10,49.365151
113.171814,10,49.365611
22.515894,10,49.365887
-3.0765457,10,49.366141
54.04844,10,49.366442
-0.41209203,3,49.382395
-0.3274788,3,49.38285
85.056366,3,49.383245
8.298451,3,49.383732
-8.602739,3,49.384146
21.527504,14,49.417563
32.748184,14,49.41808
-5.597128,14,49.418392
9.858826,14,49.418737
117.52751,14,49.419107
55.073265,6,49.490382
10.652688,6,49.490782
-4.7227483,6,49.491052
7.092928,6,49.491375
125.13821,6,49.491715
43.004017,20,49.618913
96.08377,20,49.619357
132.67899,20,49.61974
-16.557346,20,49.620154
-265.34128,20,49.620557
9.847349,14,49.6538
134.86543,14,49.654214
-18.12414,14,49.654615
-11.934524,14,49.655004
-538.4081,14,49.655337
12.566217,6,49.687943
1.9147537,6,49.688391
139.01031,6,49.688737
3.3181148,6,49.689005
-60.235107,6,49.689307
128.6991,80,49.88154
175.68608,80,49.882025
52.73684,80,49.882402
117.05852,80,49.882802
-63.4098,80,49.883242
252.75494,69,49.88359
101.50231,69,49.883929
117.434296,69,49.884274
128.7411,69,49.884583
-1144.1823,69,49.884886
6.1581645,23,49.920045
99.28865,23,49.920502
-1.5363383,23,49.920805
-12.008907,23,49.921144
181.95961,23,49.921571
15.519696,16,50.178181
24.390705,16,50.178625
26.645845,16,50.178978
106.47931,16,50.17922
-475.39157,16,50.179419
93.776924,152,50.334816
135.19041,152,50.33543
54.291195,152,50.335805
335.57874,152,50.336132
-1826.6006,152,50.336428
89.64248,12,50.336725
44.11815,12,50.337012
26.46889,12,50.337285
22.098177,12,50.337554
132.16782,12,50.337907
2.1128337,2,51.904671
0.6091435,2,51.905279
82.72644,2,51.905656
2.141337,2,51.906129
-9.944703,2,51.906512
55.296753,85,52.412085
44.583614,85,52.412529
72.33704,85,52.412804
215.82948,85,52.413083
-1104.3661,85,52.413454
-26.900948,52,52.583138
58.906303,52,52.58358
-55.522873,52,52.583899
-41.697254,52,52.584218
-804.33936,52,52.584617
150.0962,26,52.599957
48.34328,26,52.600346
39.05576,26,52.600708
71.95249,26,52.601004
-903.4759,26,52.601312
208.64859,14,52.620961
-7.9339848,14,52.621393
-1.5475562,14,52.621697
126.21678,14,52.622011
-91.32977,14,52.62236
0.6586187,4,52.742242
-0.4385968,4,52.742732
92.28441,4,52.742988
7.241056,4,52.743202
-8.823296,4,52.743413
-4.5101333,6,52.743621
6.339682,6,52.743882
-5.214262,6,52.74421
86.06937,6,52.744574
-24.938984,6,52.744934
148.01653,89,52.922614
36.94902,89,52.922986
223.5782,89,52.923336
-30.715689,89,52.923555
-931.1897,89,52.923757
-32.68499,73,52.939498
136.13445,73,52.939922
97.81882,73,52.94028
28.678352,73,52.94058
-1393.1356,73,52.940864
3.3262963,3,52.969069
81.15938,3,52.969767
1.7823689,3,52.970162
-3.0129533,3,52.970457
-5.2353196,3,52.970743
-13.712641,14,53.102848
11.890812,14,53.103258
146.4909,14,53.103545
-17.771269,14,53.103863
-223.95818,14,53.104194
0.4529632,32,53.170618
96.22206,32,53.171046
-15.793068,32,53.171362
55.36836,32,53.171635
-423.91443,32,53.171876
-123.32299,150,53.185498
326.70346,150,53.185945
-18.727612,150,53.186258
-89.01151,150,53.186488
-3450.2617,150,53.186774
64.85732,24,53.236977
-17.874804,24,53.237437
173.89532,24,53.237787
-17.394817,24,53.238027
-85.05376,24,53.238236
-96.47195,221,53.27154
-68.33294,221,53.271994
614.3023,221,53.272363
474.95416,221,53.27266
-3864.9014,221,53.272945
19.436321,21,53.492613
-3.2992039,21,53.493152
48.604546,21,53.493407
85.43123,21,53.493624
66.6406,21,53.493842
15.691358,38,53.514842
88.36519,38,53.515301
87.61673,38,53.515568
23.148697,38,53.515782
-202.36108,38,53.516052
255.29675,80,53.63688
251.10117,80,53.63737
226.15575,80,53.637719
305.0423,80,53.637995
-1068.4683,80,53.638305
-31.840153,81,53.698928
199.53662,81,53.699412
-47.243572,81,53.69976
-51.681854,81,53.700024
-901.05115,81,53.700333
69.92191,46,53.731983
-48.387714,46,53.7325
226.88344,46,53.732887
-34.640373,46,53.733138
-418.85205,46,53.733356
-11.7492075,21,53.744942
34.278843,21,53.745327
-12.648027,21,53.745727
48.041206,21,53.74605
152.19223,21,53.746365
134.86737,55,53.777586
107.0307,55,53.777919
-28.601519,55,53.77814
19.489532,55,53.778415
-345.8296,55,53.778656
28.474646,19,53.841957
32.69815,19,53.842402
33.043766,19,53.842743
50.509773,19,53.843127
147.11572,19,53.843459
-0.5320779,7,53.857205
102.81071,7,53.857634
-3.1091638,7,53.857905
-0.37496617,7,53.858134
-40.11854,7,53.858438
-2.579021,36,55.337461
36.723026,36,55.338007
72.77641,36,55.338521
92.59384,36,55.339055
-44.40468,36,55.339647
17.060877,13,55.43008
21.883804,13,55.430612
109.031494,13,55.431024
19.283466,13,55.431411
48.09437,13,55.431992
33.33715,24,55.44397
-21.603716,24,55.444515
27.825157,24,55.445009
-18.17325,24,55.445452
-236.92302,24,55.445774
-10.4380455,28,55.461639
69.88105,28,55.4622
86.6112,28,55.462594
51.05036,28,55.462871
-501.2179,28,55.463482
89.48209,6,55.509501
-3.6467686,6,55.509924
46.91682,6,55.510252
3.327077,6,55.510628
7.8071804,6,55.510963
63.920235,96,55.670909
-56.872814,96,55.671557
-44.420444,96,55.672087
318.04272,96,55.672444
-1724.7365,96,55.672718
34.480976,23,55.781273
-19.508806,23,55.781811
34.67261,23,55.782197
-18.895117,23,55.782537
-87.424446,23,55.782822
53.66388,11,55.802753
154.42545,11,55.803163
-1.8795857,11,55.803516
23.15556,11,55.803827
-93.62571,11,55.804097
-3.8294942,42,55.816765
70.57124,42,55.817154
78.62386,42,55.817555
92.80512,42,55.817864
-64.39745,42,55.818157
109.42708,44,55.937013
110.21521,44,55.937509
239.42789,44,55.937895
90.49139,44,55.938197
-1180.4841,44,55.938562
-134.49208,185,55.948437
-165.0294,185,55.948884
-89.95812,185,55.949271
-12.422442,185,55.949562
-2989.8232,185,55.949783
163.59097,66,56.177529
110.03084,66,56.177998
-26.971537,66,56.17834
127.652664,66,56.178621
-1268.3893,66,56.179005
95.11258,25,56.192939
52.60379,25,56.193361
59.808064,25,56.193658
220.06085,25,56.193932
-152.99142,25,56.194147
101.53815,10,56.297531
13.949367,10,56.297951
44.337845,10,56.298424
17.666845,10,56.298869
46.62281,10,56.299178
-42.668053,93,56.324137
126.78383,93,56.324533
115.88186,93,56.324909
-102.53891,93,56.325211
-689.4655,93,56.325487
91.04841,21,56.52473
40.1838,21,56.525213
49.86818,21,56.525538
118.44246,21,56.525872
35.778038,21,56.526193
134.007,13,56.669388
18.757051,13,56.669832
25.385567,13,56.670174
64.01139,13,56.670504
-68.43526,13,56.670809
35.937763,6,58.184824
11.6168785,6,58.185408
27.063072,6,58.185911
13.599173,6,58.186258
143.68661,6,58.186584
-44.426136,92,58.242502
-15.347822,92,58.242913
156.89902,92,58.243355
195.6034,92,58.243712
-1099.328,92,58.244071
30.631798,18,58.375544
118.677055,18,58.376006
17.652624,18,58.376307
40.796814,18,58.376594
-254.40173,18,58.376909
67.51294,29,58.670096
76.04187,29,58.670563
85.07242,29,58.670898
181.03659,29,58.671223
-858.16406,29,58.671547
-34.83058,43,58.682593
-41.09534,43,58.683002
-41.301704,43,58.683291
171.38971,43,58.683543
-479.91687,43,58.68376
-96.665886,108,58.774138
157.1583,108,58.774553
0.6023074,108,58.774948
111.27215,108,58.775284
-964.94977,108,58.775691
56.661926,26,58.937093
32.06584,26,58.937523
32.617073,26,58.937845
153.10565,26,58.938076
-153.29774,26,58.938293
-14.497586,17,58.95118
30.843424,17,58.951683
180.0533,17,58.952088
-12.867494,17,58.952462
-360.74356,17,58.952882
124.8558,116,58.997284
202.40811,116,58.997685
-58.821205,116,58.997981
-86.34781,116,58.998345
-1530.9011,116,58.998656
-7.4548883,5,59.010198
5.2702937,5,59.010552
-7.3928604,5,59.010878
-1.9253228,5,59.011185
140.59416,5,59.0116
26.43995,7,59.025137
20.169325,7,59.025571
17.316008,7,59.025852
92.169556,7,59.026102
-42.59233,7,59.026383
384.34656,172,59.057894
86.67028,172,59.05837
512.79956,172,59.058705
74.94037,172,59.058953
-1644.0492,172,59.059318
-5.247883,11,59.145677
22.756996,11,59.146099
14.117941,11,59.146405
98.52719,11,59.146618
-12.243002,11,59.146897
222.71439,250,59.331038
755.02826,250,59.331549
266.95688,250,59.331849
438.6335,250,59.332105
-2803.31,250,59.33236
-4.497158,5,59.385681
3.8447952,5,59.386107
48.608025,5,59.38643
10.500407,5,59.386703
139.59749,5,59.386954
243.96533,189,59.396584
-159.36345,189,59.396991
-152.98277,189,59.397361
-207.19083,189,59.397607
-4171.87,189,59.397879
0.4722054,32,59.482387
184.85217,32,59.482845
64.16211,32,59.483164
48.847187,32,59.483427
-126.18278,32,59.48367
